{
  "model": "YOLO12x",
  "params": "59.2M",
  "validation": {
    "0.1": {
      "precision": 0.6777674856667835,
      "recall": 0.7690075755061572,
      "f1": 0.7205105220495114,
      "map50": 0.7545023631571472,
      "map50_95": 0.47379554007661395
    },
    "0.15": {
      "precision": 0.6772372294492615,
      "recall": 0.7702849617056768,
      "f1": 0.7207705041563581,
      "map50": 0.7533136861142148,
      "map50_95": 0.4740839571671998
    },
    "0.2": {
      "precision": 0.6856987477358363,
      "recall": 0.7656277877959509,
      "f1": 0.7234622930859136,
      "map50": 0.750674233597981,
      "map50_95": 0.4728564320690986
    },
    "0.25": {
      "precision": 0.6884435574888392,
      "recall": 0.757760043391638,
      "f1": 0.7214406271297172,
      "map50": 0.7469502887407549,
      "map50_95": 0.47241677061570597
    },
    "0.3": {
      "precision": 0.6931989061901587,
      "recall": 0.7522431344696969,
      "f1": 0.721515079439404,
      "map50": 0.7449334174432694,
      "map50_95": 0.47139323002487066
    },
    "0.5": {
      "precision": 0.6852110067511853,
      "recall": 0.6775449810606061,
      "f1": 0.6813564267370325,
      "map50": 0.6991775419823196,
      "map50_95": 0.4489173957654365
    }
  },
  "test": {
    "conf=0.10_iou=0.5": {
      "conf": 0.1,
      "iou_nms": 0.5,
      "precision": 0.6904364363994092,
      "recall": 0.83166162355335,
      "f1": 0.7544973599160315,
      "map50": 0.8111727252632426,
      "map50_95": 0.4935580775871905
    },
    "conf=0.10_iou=0.6": {
      "conf": 0.1,
      "iou_nms": 0.6,
      "precision": 0.6892431014258025,
      "recall": 0.83166162355335,
      "f1": 0.7537842753347553,
      "map50": 0.8104753246753247,
      "map50_95": 0.4932452372034363
    },
    "conf=0.10_iou=0.7": {
      "conf": 0.1,
      "iou_nms": 0.7,
      "precision": 0.7626711933450899,
      "recall": 0.7769603369426872,
      "f1": 0.7697494521931192,
      "map50": 0.8096827795193312,
      "map50_95": 0.4926396194051296
    },
    "conf=0.15_iou=0.5": {
      "conf": 0.15,
      "iou_nms": 0.5,
      "precision": 0.7101104053236539,
      "recall": 0.8254310344827587,
      "f1": 0.7634403702188189,
      "map50": 0.8088115726227796,
      "map50_95": 0.49315263534092535
    },
    "conf=0.15_iou=0.6": {
      "conf": 0.15,
      "iou_nms": 0.6,
      "precision": 0.7086736237144584,
      "recall": 0.8254310344827587,
      "f1": 0.7626092462396065,
      "map50": 0.8079135841170324,
      "map50_95": 0.4926937476711239
    },
    "conf=0.15_iou=0.7": {
      "conf": 0.15,
      "iou_nms": 0.7,
      "precision": 0.7046455938697317,
      "recall": 0.8254310344827587,
      "f1": 0.7602708608346407,
      "map50": 0.8074646696853593,
      "map50_95": 0.4923636599773007
    },
    "conf=0.20_iou=0.5": {
      "conf": 0.2,
      "iou_nms": 0.5,
      "precision": 0.7224732759865244,
      "recall": 0.8016080878675682,
      "f1": 0.7599862202035146,
      "map50": 0.7834427974324526,
      "map50_95": 0.4755477581062279
    },
    "conf=0.20_iou=0.6": {
      "conf": 0.2,
      "iou_nms": 0.6,
      "precision": 0.7224732759865244,
      "recall": 0.8016080878675682,
      "f1": 0.7599862202035146,
      "map50": 0.7834427974324526,
      "map50_95": 0.4755477581062279
    },
    "conf=0.20_iou=0.7": {
      "conf": 0.2,
      "iou_nms": 0.7,
      "precision": 0.7224732759865244,
      "recall": 0.8016080878675682,
      "f1": 0.7599862202035146,
      "map50": 0.7830678758023586,
      "map50_95": 0.4754352816171997
    },
    "conf=0.25_iou=0.5": {
      "conf": 0.25,
      "iou_nms": 0.5,
      "precision": 0.7287262459909214,
      "recall": 0.8017149904730182,
      "f1": 0.7634801488941908,
      "map50": 0.7847550231377818,
      "map50_95": 0.4757082639967764
    },
    "conf=0.25_iou=0.6": {
      "conf": 0.25,
      "iou_nms": 0.6,
      "precision": 0.7287262459909214,
      "recall": 0.8017149904730182,
      "f1": 0.7634801488941908,
      "map50": 0.7847550231377818,
      "map50_95": 0.4757082639967764
    },
    "conf=0.25_iou=0.7": {
      "conf": 0.25,
      "iou_nms": 0.7,
      "precision": 0.7287262459909214,
      "recall": 0.8017149904730182,
      "f1": 0.7634801488941908,
      "map50": 0.7847550231377818,
      "map50_95": 0.4757082639967764
    },
    "conf=0.30_iou=0.5": {
      "conf": 0.3,
      "iou_nms": 0.5,
      "precision": 0.7292927607527365,
      "recall": 0.8000377118769176,
      "f1": 0.7630289440092355,
      "map50": 0.7852230780713539,
      "map50_95": 0.47596399564115827
    },
    "conf=0.30_iou=0.6": {
      "conf": 0.3,
      "iou_nms": 0.6,
      "precision": 0.7292927607527365,
      "recall": 0.8000377118769176,
      "f1": 0.7630289440092355,
      "map50": 0.7852230780713539,
      "map50_95": 0.47596399564115827
    },
    "conf=0.30_iou=0.7": {
      "conf": 0.3,
      "iou_nms": 0.7,
      "precision": 0.7292927607527365,
      "recall": 0.8000377118769176,
      "f1": 0.7630289440092355,
      "map50": 0.7852230780713539,
      "map50_95": 0.47596399564115827
    },
    "conf=0.50_iou=0.5": {
      "conf": 0.5,
      "iou_nms": 0.5,
      "precision": 0.7742697915111709,
      "recall": 0.7497126436781609,
      "f1": 0.7617933581142565,
      "map50": 0.7626409165547098,
      "map50_95": 0.46428397819447603
    },
    "conf=0.50_iou=0.6": {
      "conf": 0.5,
      "iou_nms": 0.6,
      "precision": 0.7742697915111709,
      "recall": 0.7497126436781609,
      "f1": 0.7617933581142565,
      "map50": 0.7626409165547098,
      "map50_95": 0.46428397819447603
    },
    "conf=0.50_iou=0.7": {
      "conf": 0.5,
      "iou_nms": 0.7,
      "precision": 0.7742697915111709,
      "recall": 0.7497126436781609,
      "f1": 0.7617933581142565,
      "map50": 0.7626409165547098,
      "map50_95": 0.46428397819447603
    }
  },
  "best_f1_config": "conf=0.10_iou=0.7",
  "best_recall_config": "conf=0.10_iou=0.5"
}