{
  "conf=0.05_iou=0.5": {
    "precision": 0.2043189368736824,
    "recall": 0.8482758620104637,
    "f1": 0.3293172659388649,
    "tp": 123,
    "fp": 479,
    "fn": 22
  },
  "conf=0.05_iou=0.7": {
    "precision": 0.1657681940678468,
    "recall": 0.8482758620104637,
    "f1": 0.2773393433692482,
    "tp": 123,
    "fp": 619,
    "fn": 22
  },
  "conf=0.10_iou=0.5": {
    "precision": 0.2533333333277037,
    "recall": 0.786206896497503,
    "f1": 0.38319327361186367,
    "tp": 114,
    "fp": 336,
    "fn": 31
  },
  "conf=0.10_iou=0.7": {
    "precision": 0.22440944881448013,
    "recall": 0.786206896497503,
    "f1": 0.3491577300719263,
    "tp": 114,
    "fp": 394,
    "fn": 31
  },
  "conf=0.15_iou=0.5": {
    "precision": 0.3137829911931442,
    "recall": 0.7379310344318668,
    "f1": 0.4403292139020983,
    "tp": 107,
    "fp": 234,
    "fn": 38
  },
  "conf=0.15_iou=0.7": {
    "precision": 0.25235849056008586,
    "recall": 0.7379310344318668,
    "f1": 0.3760984144665973,
    "tp": 107,
    "fp": 317,
    "fn": 38
  },
  "conf=0.20_iou=0.5": {
    "precision": 0.3378378378264244,
    "recall": 0.6896551723662306,
    "f1": 0.45351473479465876,
    "tp": 100,
    "fp": 196,
    "fn": 45
  },
  "conf=0.20_iou=0.7": {
    "precision": 0.29498525072876147,
    "recall": 0.6896551723662306,
    "f1": 0.4132231362821016,
    "tp": 100,
    "fp": 239,
    "fn": 45
  },
  "conf=0.25_iou=0.5": {
    "precision": 0.39271255059138815,
    "recall": 0.6689655171952438,
    "f1": 0.49489795449695445,
    "tp": 97,
    "fp": 150,
    "fn": 48
  },
  "conf=0.25_iou=0.7": {
    "precision": 0.346428571416199,
    "recall": 0.6689655171952438,
    "f1": 0.4564705837183115,
    "tp": 97,
    "fp": 183,
    "fn": 48
  },
  "conf=0.30_iou=0.5": {
    "precision": 0.3783783783613343,
    "recall": 0.5793103447876338,
    "f1": 0.4577656627700852,
    "tp": 84,
    "fp": 138,
    "fn": 61
  },
  "conf=0.30_iou=0.7": {
    "precision": 0.32941176469296424,
    "recall": 0.5793103447876338,
    "f1": 0.41999999535712507,
    "tp": 84,
    "fp": 171,
    "fn": 61
  },
  "TTA_conf=0.10_iou=0.5": {
    "precision": 0.24489795917867554,
    "recall": 0.8275862068394768,
    "f1": 0.3779527523695208
  },
  "TTA_conf=0.10_iou=0.7": {
    "precision": 0.19736842104938537,
    "recall": 0.8275862068394768,
    "f1": 0.3187250964834774
  },
  "TTA_conf=0.15_iou=0.5": {
    "precision": 0.28712871286417996,
    "recall": 0.7999999999448275,
    "f1": 0.4225865170446017
  },
  "TTA_conf=0.15_iou=0.7": {
    "precision": 0.2421711899740674,
    "recall": 0.7999999999448275,
    "f1": 0.3717948682154524
  },
  "TTA_conf=0.20_iou=0.5": {
    "precision": 0.29255319148158104,
    "recall": 0.7586206896028537,
    "f1": 0.4222648712066343
  }
}